<eml:eml xmlns:eml="eml://ecoinformatics.org/eml-2.1.1" 
         xmlns:md="eml://ecoinformatics.org/methods-2.1.1" 
         xmlns:proj="eml://ecoinformatics.org/project-2.1.1" 
         xmlns:d="eml://ecoinformatics.org/dataset-2.1.1" 
         xmlns:res="eml://ecoinformatics.org/resource-2.1.1" 
         xmlns:dc="http://purl.org/dc/terms/" 
         xmlns:xsi="http://www.w3.org/2001/XMLSchema-instance" 
         xsi:schemaLocation="eml://ecoinformatics.org/eml-2.1.1 http://rs.gbif.org/schema/eml-gbif-profile/1.0/eml.xsd" 
         packageId="http://ipt.gbif.org/resource.do?id=col_gsd_metadata/v1" 
         system="http://gbif.org" 
         scope="system" 
         xml:lang="eng">
    <dataset>
        <title xml:lang="eng">
            Catalogue of Life
        </title>
        <creator>
            <organizationName>
                Catalog Of Life
            </organizationName>
            <address>
                <city>
                    Reading
                </city>
                <country>
                    GB
                </country>
            </address>
            <onlineUrl>
                http://www.catalogueoflife.org
            </onlineUrl>
        </creator>
        <metadataProvider>
            <organizationName>
                Species 2000 Secretariat
            </organizationName>
            <address>
                <city>
                    Reading
                </city>
                <country>
                    GB
                </country>
            </address>
            <onlineUrl>
                http://www.sp2000.org/
            </onlineUrl>
        </metadataProvider>
        <pubDate>
            
        </pubDate>
        <language>
            eng
        </language>
        <distribution scope="document">
            <online>
                <url function="information">
                    
                </url>
            </online>
        </distribution>
        <contact>
            <individualName>
                <surName>
                    
                </surName>
            </individualName>
            <organizationName>
                Species 2000 Secretariat, Harborne Building, The University of Reading
            </organizationName>
            <address>
                <city>
                    Reading
                </city>
                <country>
                    GB
                </country>
            </address>
        </contact>
    </dataset>
    <additionalMetadata>
        <metadata>
            <gbif>
                <dateStamp>
                    2011-11-17T14:27:33+01:00
                </dateStamp>
                <hierarchyLevel>
                    dataset
                </hierarchyLevel>
                <resourceLogoUrl>
                    
                </resourceLogoUrl>
            </gbif>
            <sourceDatabase>
                <abbreviatedName>
                    Catalogue of Life
                </abbreviatedName>
                <authorsAndEditors>
                    
                </authorsAndEditors>
                <version>
                    
                </version>
            </sourceDatabase>
        </metadata>
    </additionalMetadata>
</eml:eml>